{
  "candidates": [
    {
      "label": "D5_reference_ISDLC_OCTU",
      "root_class": "D5",
      "roots": 40,
      "rank": 5,
      "flux_half_count": 3,
      "alpha_U_inv": 46.5,
      "M_U_GeV": 6.0875e+16,
      "M_I_GeV": 1267701238522.6606,
      "clock": "6:13",
      "b_PS_4": -7,
      "b_PS_L": -3,
      "b_PS_R": 2,
      "B_PS_1": -1.6000000000000003,
      "B_PS_2": -3,
      "B_PS_3": -7,
      "dfc_1": 0.013789725009540725,
      "dfc_2": -0.0022982875015901206,
      "dfc_3": 0.0034474312523851813,
      "alpha1_inv_MZ": 59.009006766131236,
      "alpha2_inv_MZ": 29.58007375827185,
      "alpha3_inv_MZ": 8.474526001751554,
      "alpha_em_inv_MZ": 127.92841836849058,
      "sin2_MSbar_MZ": 0.23122363377516417,
      "alpha_s_MZ": 0.11800069995576334,
      "alpha0_inv_status": "TARGET_NOT_PREDICTED",
      "alpha0_inv_CODATA_target": 137.035999177,
      "delta_lepton_inv_bridge": 4.30579826418,
      "residual_QCD_EW_inv_target": 4.801782544329425,
      "K_IR_target_ln2_over_2pi_units": 43.52681562728051
    },
    {
      "label": "BHF_COVE_BC4_final_gauge_benchmark",
      "root_class": "BC4",
      "roots": 32,
      "rank": 4,
      "flux_half_count": 7,
      "alpha_U_inv": 39.5,
      "M_U_GeV": 7.609375e+16,
      "M_I_GeV": 177075477758357.47,
      "clock": "3:14",
      "b_PS_4": 0.5,
      "b_PS_L": 4.5,
      "b_PS_R": 1.5,
      "B_PS_1": 1.0999999999999999,
      "B_PS_2": 4.5,
      "B_PS_3": 0.5,
      "dfc_1": 0,
      "dfc_2": 0,
      "dfc_3": 0,
      "alpha1_inv_MZ": 59.02475293273397,
      "alpha2_inv_MZ": 29.582154605832557,
      "alpha3_inv_MZ": 8.459824415011074,
      "alpha_em_inv_MZ": 127.95674282705583,
      "sin2_MSbar_MZ": 0.23118871231206076,
      "alpha_s_MZ": 0.11820576302099185,
      "alpha0_inv_status": "TARGET_NOT_PREDICTED",
      "alpha0_inv_CODATA_target": 137.035999177,
      "delta_lepton_inv_bridge": 4.30579826418,
      "residual_QCD_EW_inv_target": 4.773458085764174,
      "K_IR_target_ln2_over_2pi_units": 43.270062333200556
    }
  ],
  "threshold_certificate": {
    "target_charge6": [
      67,
      45,
      27
    ],
    "number_of_nonnegative_integer_solutions": 1792,
    "minimal_dimension": 62,
    "number_of_minimizers": 1,
    "unique_minimizer": [
      1,
      1,
      1,
      1,
      1,
      1,
      2,
      2,
      1
    ],
    "rows": [
      {
        "name": "S_R=(1,1,3)_R",
        "charge6": [
          0,
          0,
          2
        ],
        "dimension": 3,
        "multiplicity": 1,
        "dimension_cost": 3
      },
      {
        "name": "h_L=(1,2,1)",
        "charge6": [
          0,
          1,
          0
        ],
        "dimension": 2,
        "multiplicity": 1,
        "dimension_cost": 2
      },
      {
        "name": "h_R=(1,1,2)",
        "charge6": [
          0,
          0,
          1
        ],
        "dimension": 2,
        "multiplicity": 1,
        "dimension_cost": 2
      },
      {
        "name": "q_C=(4,1,1)",
        "charge6": [
          1,
          0,
          0
        ],
        "dimension": 4,
        "multiplicity": 1,
        "dimension_cost": 4
      },
      {
        "name": "Q_CL=(4,2,1)",
        "charge6": [
          2,
          4,
          0
        ],
        "dimension": 8,
        "multiplicity": 1,
        "dimension_cost": 8
      },
      {
        "name": "X_LR=(1,2,2)_D",
        "charge6": [
          0,
          8,
          8
        ],
        "dimension": 4,
        "multiplicity": 1,
        "dimension_cost": 4
      },
      {
        "name": "G_4=(15,1,1)_D",
        "charge6": [
          32,
          0,
          0
        ],
        "dimension": 15,
        "multiplicity": 2,
        "dimension_cost": 30
      },
      {
        "name": "G_L=(1,3,1)_D",
        "charge6": [
          0,
          16,
          0
        ],
        "dimension": 3,
        "multiplicity": 2,
        "dimension_cost": 6
      },
      {
        "name": "G_R=(1,1,3)_D",
        "charge6": [
          0,
          0,
          16
        ],
        "dimension": 3,
        "multiplicity": 1,
        "dimension_cost": 3
      }
    ],
    "statement": "Unique BHF threshold hierarchy under beta-charge closure plus dimension minimality."
  }
}