label,root_class,roots,rank,flux_half_count,alpha_U_inv,M_U_GeV,M_I_GeV,clock,b_PS_4,b_PS_L,b_PS_R,B_PS_1,B_PS_2,B_PS_3,dfc_1,dfc_2,dfc_3,alpha1_inv_MZ,alpha2_inv_MZ,alpha3_inv_MZ,alpha_em_inv_MZ,sin2_MSbar_MZ,alpha_s_MZ,alpha0_inv_status,alpha0_inv_CODATA_target,delta_lepton_inv_bridge,residual_QCD_EW_inv_target,K_IR_target_ln2_over_2pi_units
D5_reference_ISDLC_OCTU,D5,40,5,3,46.5,6.0875e+16,1267701238522.6606,6:13,-7,-3,2,-1.6000000000000003,-3,-7,0.013789725009540725,-0.0022982875015901206,0.0034474312523851813,59.009006766131236,29.58007375827185,8.474526001751554,127.92841836849058,0.23122363377516417,0.11800069995576334,TARGET_NOT_PREDICTED,137.035999177,4.30579826418,4.801782544329425,43.52681562728051
BHF_COVE_BC4_final_gauge_benchmark,BC4,32,4,7,39.5,7.609375e+16,177075477758357.47,3:14,0.5,4.5,1.5,1.0999999999999999,4.5,0.5,0,0,0,59.02475293273397,29.582154605832557,8.459824415011074,127.95674282705583,0.23118871231206076,0.11820576302099185,TARGET_NOT_PREDICTED,137.035999177,4.30579826418,4.773458085764174,43.270062333200556
