{
  "model_name": "ISDLC-TCPS-Fνχ Cabibbo-clock frozen extension",
  "predictions": {
    "alpha_em_inv_mz": 127.9077332788044,
    "sin2theta_hat_mz": 0.2312790123121689,
    "alpha3_mz": 0.11804865399076522,
    "rhoLambda_planck4": 3.234733816845406e-123,
    "ms_over_mb_2gev_working": 0.02564102564102564,
    "mc_over_mt_working": 0.007889546351084813,
    "Vus": 0.22645540682891915,
    "Vcb": 0.041871619534755176,
    "Vub": 0.0038710325953661396,
    "Jarlskog_CKM": 3.3716010047370996e-05,
    "pmns_sin2_theta12": 0.31717171717171716,
    "pmns_sin2_theta23": 0.5512820512820513,
    "pmns_sin2_theta13": 0.023668639053254437,
    "delta_m21_sq_ev2": 7.35294117647059e-05,
    "abs_delta_m3l_sq_ev2": 0.0025000000000000005,
    "neutrino_ordering": "normal",
    "rho_parameter": 1.0,
    "tau_p_to_e_pi0_years": 8.516862452184991e+37,
    "threshold_lightest_new_charged_gev": 6.0875e+16,
    "threshold_lightest_new_colored_gev": 6.0875e+16,
    "N_eff": 3.0,
    "Omega_c_h2": 0.11538461538461539,
    "diagnostic_clock_ratio": 0.46153846153846156,
    "diagnostic_lambda_cabibbo_clock": 0.22645540682891915,
    "diagnostic_M_U_GeV": 6.0875e+16,
    "diagnostic_formula_book": "{\"clock_ratio\": 0.46153846153846156, \"lambda_c\": 0.22645540682891915, \"planck_divisor\": 40, \"provenance\": \"r=6/13 and M_U=Mbar_Pl/40 fixed before holdout scoring\"}"
  },
  "provenance": "ISDLC-TCPS gauge/vacuum seed plus a fixed flavour-neutrino-threshold-dark ansatz. The only discrete inputs are r=6/13, M_U=Mbar_Pl/40, and alpha_U^-1=93/2. No continuous holdout fit is performed.",
  "trained_on": [
    "alpha_em_inv_mz",
    "sin2theta_hat_mz",
    "alpha3_mz",
    "rhoLambda_planck4"
  ],
  "free_parameter_count": 0,
  "claims_first_principles": false,
  "uses_holdout_values": false,
  "notes": "Current-registry blind pass candidate.  It predicts CKM/PMNS/neutrino-splitting/quark-ratio/N_eff/Omega_c_h2/proton-threshold tranche, but it does not derive alpha(0), charged-lepton mass ratios, or mW.  External re-freezing before a new holdout tranche is mandatory.",
  "frozen_unix_time": 1782266400.0,
  "sha256": "e0855d9ba75a7b58a66cadf60dcbcdedae18bf8e3bdd9eff63b8afe73af8aaaa"
}